timestamp,container,cpu_percent,mem_usage_mb
1775192996,bench_sub_30,0.05%,21.21MiB / 15.52GiB
1775192996,bench_sub_29,0.06%,21.28MiB / 15.52GiB
1775192996,bench_sub_28,0.05%,21.23MiB / 15.52GiB
1775192996,bench_sub_27,0.05%,21.25MiB / 15.52GiB
1775192996,bench_sub_26,0.04%,21.23MiB / 15.52GiB
1775192996,bench_sub_25,0.04%,21.26MiB / 15.52GiB
1775192996,bench_sub_24,0.04%,21.29MiB / 15.52GiB
1775192996,bench_sub_23,0.15%,21.19MiB / 15.52GiB
1775192996,bench_sub_22,0.04%,21.31MiB / 15.52GiB
1775192996,bench_sub_21,0.04%,21.16MiB / 15.52GiB
1775192996,bench_sub_20,0.07%,21.3MiB / 15.52GiB
1775192996,bench_sub_19,0.06%,21.26MiB / 15.52GiB
1775192996,bench_sub_18,0.08%,21.32MiB / 15.52GiB
1775192996,bench_sub_17,0.05%,21.28MiB / 15.52GiB
1775192996,bench_sub_16,0.05%,21.29MiB / 15.52GiB
1775192996,bench_sub_15,0.05%,21.3MiB / 15.52GiB
1775192996,bench_sub_14,0.05%,21.32MiB / 15.52GiB
1775192996,bench_sub_13,0.05%,21.32MiB / 15.52GiB
1775192996,bench_sub_12,0.04%,21.27MiB / 15.52GiB
1775192996,bench_sub_11,0.05%,21.33MiB / 15.52GiB
1775192996,bench_sub_10,0.05%,21.31MiB / 15.52GiB
1775192996,bench_sub_9,0.05%,21.32MiB / 15.52GiB
1775192996,bench_sub_8,0.14%,21.34MiB / 15.52GiB
1775192996,bench_sub_7,0.15%,21.3MiB / 15.52GiB
1775192996,bench_sub_6,0.05%,21.32MiB / 15.52GiB
1775192996,bench_sub_5,0.05%,21.34MiB / 15.52GiB
1775192996,bench_sub_4,0.05%,21.25MiB / 15.52GiB
1775192996,bench_sub_3,0.05%,21.31MiB / 15.52GiB
1775192996,bench_sub_2,0.05%,21.33MiB / 15.52GiB
1775192996,bench_sub_1,0.06%,21.29MiB / 15.52GiB
1775192999,bench_sub_30,1.19%,21.3MiB / 15.52GiB
1775192999,bench_sub_29,1.16%,21.39MiB / 15.52GiB
1775192999,bench_sub_28,1.17%,21.34MiB / 15.52GiB
1775192999,bench_sub_27,1.09%,21.38MiB / 15.52GiB
1775192999,bench_sub_26,1.09%,21.34MiB / 15.52GiB
1775192999,bench_sub_25,1.08%,21.38MiB / 15.52GiB
1775192999,bench_sub_24,1.05%,21.39MiB / 15.52GiB
1775192999,bench_sub_23,1.02%,21.3MiB / 15.52GiB
1775192999,bench_sub_22,1.01%,21.43MiB / 15.52GiB
1775192999,bench_sub_21,1.00%,21.29MiB / 15.52GiB
1775192999,bench_sub_20,1.03%,21.42MiB / 15.52GiB
1775192999,bench_sub_19,1.00%,21.38MiB / 15.52GiB
1775192999,bench_sub_18,1.02%,21.44MiB / 15.52GiB
1775192999,bench_sub_17,1.01%,21.39MiB / 15.52GiB
1775192999,bench_sub_16,1.02%,21.41MiB / 15.52GiB
1775192999,bench_sub_15,1.12%,21.41MiB / 15.52GiB
1775192999,bench_sub_14,1.01%,21.43MiB / 15.52GiB
1775192999,bench_sub_13,1.01%,21.44MiB / 15.52GiB
1775192999,bench_sub_12,1.02%,21.38MiB / 15.52GiB
1775192999,bench_sub_11,1.03%,21.45MiB / 15.52GiB
1775192999,bench_sub_10,1.01%,21.42MiB / 15.52GiB
1775192999,bench_sub_9,1.00%,21.43MiB / 15.52GiB
1775192999,bench_sub_8,1.02%,21.45MiB / 15.52GiB
1775192999,bench_sub_7,1.00%,21.42MiB / 15.52GiB
1775192999,bench_sub_6,0.98%,21.43MiB / 15.52GiB
1775192999,bench_sub_5,0.98%,21.45MiB / 15.52GiB
1775192999,bench_sub_4,1.02%,21.36MiB / 15.52GiB
1775192999,bench_sub_3,0.98%,21.43MiB / 15.52GiB
1775192999,bench_sub_2,1.00%,21.43MiB / 15.52GiB
1775192999,bench_sub_1,1.34%,21.4MiB / 15.52GiB
1775193002,bench_sub_30,1.44%,21.33MiB / 15.52GiB
1775193002,bench_sub_29,1.41%,21.42MiB / 15.52GiB
1775193002,bench_sub_28,1.37%,21.37MiB / 15.52GiB
1775193002,bench_sub_27,1.35%,21.41MiB / 15.52GiB
1775193002,bench_sub_26,1.26%,21.38MiB / 15.52GiB
1775193002,bench_sub_25,1.27%,21.41MiB / 15.52GiB
1775193002,bench_sub_24,1.28%,21.43MiB / 15.52GiB
1775193002,bench_sub_23,1.26%,21.34MiB / 15.52GiB
1775193002,bench_sub_22,1.32%,21.46MiB / 15.52GiB
1775193002,bench_sub_21,1.34%,21.32MiB / 15.52GiB
1775193002,bench_sub_20,1.23%,21.45MiB / 15.52GiB
1775193002,bench_sub_19,1.25%,21.41MiB / 15.52GiB
1775193002,bench_sub_18,1.25%,21.47MiB / 15.52GiB
1775193002,bench_sub_17,1.26%,21.42MiB / 15.52GiB
1775193002,bench_sub_16,1.28%,21.44MiB / 15.52GiB
1775193002,bench_sub_15,1.26%,21.45MiB / 15.52GiB
1775193002,bench_sub_14,1.27%,21.46MiB / 15.52GiB
1775193002,bench_sub_13,1.26%,21.48MiB / 15.52GiB
1775193002,bench_sub_12,1.25%,21.41MiB / 15.52GiB
1775193002,bench_sub_11,1.25%,21.48MiB / 15.52GiB
1775193002,bench_sub_10,1.24%,21.46MiB / 15.52GiB
1775193002,bench_sub_9,1.24%,21.46MiB / 15.52GiB
1775193002,bench_sub_8,1.26%,21.48MiB / 15.52GiB
1775193002,bench_sub_7,1.45%,21.45MiB / 15.52GiB
1775193002,bench_sub_6,1.31%,21.46MiB / 15.52GiB
1775193002,bench_sub_5,1.21%,21.48MiB / 15.52GiB
1775193002,bench_sub_4,1.26%,21.4MiB / 15.52GiB
1775193002,bench_sub_3,1.21%,21.47MiB / 15.52GiB
1775193002,bench_sub_2,1.26%,21.47MiB / 15.52GiB
1775193002,bench_sub_1,1.24%,21.44MiB / 15.52GiB
1775193005,bench_sub_30,1.16%,21.36MiB / 15.52GiB
1775193005,bench_sub_29,1.14%,21.46MiB / 15.52GiB
1775193005,bench_sub_28,1.20%,21.4MiB / 15.52GiB
1775193005,bench_sub_27,1.15%,21.45MiB / 15.52GiB
1775193005,bench_sub_26,1.01%,21.41MiB / 15.52GiB
1775193005,bench_sub_25,1.04%,21.44MiB / 15.52GiB
1775193005,bench_sub_24,1.03%,21.46MiB / 15.52GiB
1775193005,bench_sub_23,1.04%,21.37MiB / 15.52GiB
1775193005,bench_sub_22,1.01%,21.5MiB / 15.52GiB
1775193005,bench_sub_21,1.00%,21.35MiB / 15.52GiB
1775193005,bench_sub_20,1.02%,21.49MiB / 15.52GiB
1775193005,bench_sub_19,1.00%,21.45MiB / 15.52GiB
1775193005,bench_sub_18,1.00%,21.51MiB / 15.52GiB
1775193005,bench_sub_17,1.00%,21.46MiB / 15.52GiB
1775193005,bench_sub_16,1.00%,21.47MiB / 15.52GiB
1775193005,bench_sub_15,1.00%,21.48MiB / 15.52GiB
1775193005,bench_sub_14,1.00%,21.49MiB / 15.52GiB
1775193005,bench_sub_13,0.99%,21.51MiB / 15.52GiB
1775193005,bench_sub_12,1.09%,21.45MiB / 15.52GiB
1775193005,bench_sub_11,1.01%,21.52MiB / 15.52GiB
1775193005,bench_sub_10,1.02%,21.49MiB / 15.52GiB
1775193005,bench_sub_9,1.00%,21.5MiB / 15.52GiB
1775193005,bench_sub_8,1.03%,21.51MiB / 15.52GiB
1775193005,bench_sub_7,0.99%,21.48MiB / 15.52GiB
1775193005,bench_sub_6,1.00%,21.5MiB / 15.52GiB
1775193005,bench_sub_5,0.99%,21.52MiB / 15.52GiB
1775193005,bench_sub_4,0.99%,21.43MiB / 15.52GiB
1775193005,bench_sub_3,0.98%,21.5MiB / 15.52GiB
1775193005,bench_sub_2,1.00%,21.5MiB / 15.52GiB
1775193005,bench_sub_1,1.01%,21.47MiB / 15.52GiB
1775193008,bench_sub_30,1.24%,21.4MiB / 15.52GiB
1775193008,bench_sub_29,1.20%,21.49MiB / 15.52GiB
1775193008,bench_sub_28,1.21%,21.44MiB / 15.52GiB
1775193008,bench_sub_27,1.15%,21.48MiB / 15.52GiB
1775193008,bench_sub_26,1.13%,21.45MiB / 15.52GiB
1775193008,bench_sub_25,1.21%,21.48MiB / 15.52GiB
1775193008,bench_sub_24,1.09%,21.5MiB / 15.52GiB
1775193008,bench_sub_23,1.18%,21.4MiB / 15.52GiB
1775193008,bench_sub_22,1.08%,21.53MiB / 15.52GiB
1775193008,bench_sub_21,1.08%,21.39MiB / 15.52GiB
1775193008,bench_sub_20,1.05%,21.52MiB / 15.52GiB
1775193008,bench_sub_19,1.09%,21.48MiB / 15.52GiB
1775193008,bench_sub_18,1.14%,21.54MiB / 15.52GiB
1775193008,bench_sub_17,1.09%,21.49MiB / 15.52GiB
1775193008,bench_sub_16,1.09%,21.51MiB / 15.52GiB
1775193008,bench_sub_15,1.05%,21.52MiB / 15.52GiB
1775193008,bench_sub_14,1.10%,21.53MiB / 15.52GiB
1775193008,bench_sub_13,1.08%,21.54MiB / 15.52GiB
1775193008,bench_sub_12,1.07%,21.48MiB / 15.52GiB
1775193008,bench_sub_11,1.08%,21.55MiB / 15.52GiB
1775193008,bench_sub_10,1.10%,21.52MiB / 15.52GiB
1775193008,bench_sub_9,1.10%,21.53MiB / 15.52GiB
1775193008,bench_sub_8,1.13%,21.55MiB / 15.52GiB
1775193008,bench_sub_7,1.10%,21.52MiB / 15.52GiB
1775193008,bench_sub_6,1.07%,21.53MiB / 15.52GiB
1775193008,bench_sub_5,1.06%,21.55MiB / 15.52GiB
1775193008,bench_sub_4,1.20%,21.46MiB / 15.52GiB
1775193008,bench_sub_3,1.14%,21.54MiB / 15.52GiB
1775193008,bench_sub_2,1.08%,21.54MiB / 15.52GiB
1775193008,bench_sub_1,1.32%,21.5MiB / 15.52GiB
1775193011,bench_sub_30,1.02%,21.43MiB / 15.52GiB
1775193011,bench_sub_29,1.08%,21.52MiB / 15.52GiB
1775193011,bench_sub_28,1.02%,21.47MiB / 15.52GiB
1775193011,bench_sub_27,0.96%,21.51MiB / 15.52GiB
1775193011,bench_sub_26,0.94%,21.48MiB / 15.52GiB
1775193011,bench_sub_25,0.97%,21.51MiB / 15.52GiB
1775193011,bench_sub_24,1.05%,21.53MiB / 15.52GiB
1775193011,bench_sub_23,0.94%,21.46MiB / 15.52GiB
1775193011,bench_sub_22,0.90%,21.56MiB / 15.52GiB
1775193011,bench_sub_21,0.92%,21.55MiB / 15.52GiB
1775193011,bench_sub_20,0.90%,21.55MiB / 15.52GiB
1775193011,bench_sub_19,0.94%,21.51MiB / 15.52GiB
1775193011,bench_sub_18,0.92%,21.57MiB / 15.52GiB
1775193011,bench_sub_17,1.21%,21.51MiB / 15.52GiB
1775193011,bench_sub_16,0.89%,21.54MiB / 15.52GiB
1775193011,bench_sub_15,0.91%,21.55MiB / 15.52GiB
1775193011,bench_sub_14,0.94%,21.56MiB / 15.52GiB
1775193011,bench_sub_13,0.90%,21.57MiB / 15.52GiB
1775193011,bench_sub_12,0.92%,21.51MiB / 15.52GiB
1775193011,bench_sub_11,0.92%,21.59MiB / 15.52GiB
1775193011,bench_sub_10,1.00%,21.83MiB / 15.52GiB
1775193011,bench_sub_9,0.89%,21.61MiB / 15.52GiB
1775193011,bench_sub_8,0.90%,21.58MiB / 15.52GiB
1775193011,bench_sub_7,0.90%,21.55MiB / 15.52GiB
1775193011,bench_sub_6,0.88%,21.56MiB / 15.52GiB
1775193011,bench_sub_5,0.89%,21.58MiB / 15.52GiB
1775193011,bench_sub_4,0.91%,21.5MiB / 15.52GiB
1775193011,bench_sub_3,0.86%,21.57MiB / 15.52GiB
1775193011,bench_sub_2,0.91%,21.57MiB / 15.52GiB
1775193011,bench_sub_1,0.90%,21.54MiB / 15.52GiB
1775193014,bench_sub_30,1.26%,21.52MiB / 15.52GiB
1775193014,bench_sub_29,1.25%,21.55MiB / 15.52GiB
1775193014,bench_sub_28,1.25%,21.5MiB / 15.52GiB
1775193014,bench_sub_27,1.15%,21.62MiB / 15.52GiB
1775193014,bench_sub_26,1.19%,21.51MiB / 15.52GiB
1775193014,bench_sub_25,1.23%,21.58MiB / 15.52GiB
1775193014,bench_sub_24,1.14%,21.56MiB / 15.52GiB
1775193014,bench_sub_23,1.18%,21.5MiB / 15.52GiB
1775193014,bench_sub_22,1.10%,21.59MiB / 15.52GiB
1775193014,bench_sub_21,1.09%,21.58MiB / 15.52GiB
1775193014,bench_sub_20,1.11%,21.6MiB / 15.52GiB
1775193014,bench_sub_19,1.11%,21.57MiB / 15.52GiB
1775193014,bench_sub_18,1.10%,21.64MiB / 15.52GiB
1775193014,bench_sub_17,1.09%,21.55MiB / 15.52GiB
1775193014,bench_sub_16,1.12%,21.57MiB / 15.52GiB
1775193014,bench_sub_15,1.20%,21.58MiB / 15.52GiB
1775193014,bench_sub_14,1.17%,21.59MiB / 15.52GiB
1775193014,bench_sub_13,1.11%,21.61MiB / 15.52GiB
1775193014,bench_sub_12,1.09%,21.54MiB / 15.52GiB
1775193014,bench_sub_11,1.11%,21.62MiB / 15.52GiB
1775193014,bench_sub_10,1.09%,21.88MiB / 15.52GiB
1775193014,bench_sub_9,1.11%,21.66MiB / 15.52GiB
1775193014,bench_sub_8,1.12%,21.62MiB / 15.52GiB
1775193014,bench_sub_7,1.08%,21.58MiB / 15.52GiB
1775193014,bench_sub_6,1.08%,21.59MiB / 15.52GiB
1775193014,bench_sub_5,1.08%,21.71MiB / 15.52GiB
1775193014,bench_sub_4,1.11%,21.53MiB / 15.52GiB
1775193014,bench_sub_3,1.11%,21.6MiB / 15.52GiB
1775193014,bench_sub_2,1.09%,21.6MiB / 15.52GiB
1775193014,bench_sub_1,1.21%,21.57MiB / 15.52GiB
1775193018,bench_sub_30,1.21%,21.54MiB / 15.52GiB
1775193018,bench_sub_29,1.22%,21.58MiB / 15.52GiB
1775193018,bench_sub_28,1.21%,21.52MiB / 15.52GiB
1775193018,bench_sub_27,1.12%,21.65MiB / 15.52GiB
1775193018,bench_sub_26,1.25%,21.54MiB / 15.52GiB
1775193018,bench_sub_25,1.25%,21.62MiB / 15.52GiB
1775193018,bench_sub_24,1.10%,21.58MiB / 15.52GiB
1775193018,bench_sub_23,1.06%,21.52MiB / 15.52GiB
1775193018,bench_sub_22,1.37%,21.63MiB / 15.52GiB
1775193018,bench_sub_21,1.06%,21.61MiB / 15.52GiB
1775193018,bench_sub_20,1.27%,21.63MiB / 15.52GiB
1775193018,bench_sub_19,1.23%,21.6MiB / 15.52GiB
1775193018,bench_sub_18,1.30%,21.68MiB / 15.52GiB
1775193018,bench_sub_17,1.05%,21.58MiB / 15.52GiB
1775193018,bench_sub_16,1.32%,21.61MiB / 15.52GiB
1775193018,bench_sub_15,1.31%,21.62MiB / 15.52GiB
1775193018,bench_sub_14,1.25%,21.62MiB / 15.52GiB
1775193018,bench_sub_13,1.26%,21.64MiB / 15.52GiB
1775193018,bench_sub_12,1.29%,21.58MiB / 15.52GiB
1775193018,bench_sub_11,1.23%,21.65MiB / 15.52GiB
1775193018,bench_sub_10,1.32%,21.91MiB / 15.52GiB
1775193018,bench_sub_9,1.05%,21.68MiB / 15.52GiB
1775193018,bench_sub_8,1.28%,21.65MiB / 15.52GiB
1775193018,bench_sub_7,1.08%,21.61MiB / 15.52GiB
1775193018,bench_sub_6,1.08%,21.62MiB / 15.52GiB
1775193018,bench_sub_5,1.26%,21.75MiB / 15.52GiB
1775193018,bench_sub_4,1.17%,21.55MiB / 15.52GiB
1775193018,bench_sub_3,1.28%,21.63MiB / 15.52GiB
1775193018,bench_sub_2,1.21%,21.63MiB / 15.52GiB
1775193018,bench_sub_1,1.28%,21.61MiB / 15.52GiB
1775193021,bench_sub_30,1.37%,21.59MiB / 15.52GiB
1775193021,bench_sub_29,1.31%,21.62MiB / 15.52GiB
1775193021,bench_sub_28,1.38%,21.57MiB / 15.52GiB
1775193021,bench_sub_27,1.25%,21.68MiB / 15.52GiB
1775193021,bench_sub_26,1.21%,21.58MiB / 15.52GiB
1775193021,bench_sub_25,1.17%,21.65MiB / 15.52GiB
1775193021,bench_sub_24,1.17%,21.63MiB / 15.52GiB
1775193021,bench_sub_23,1.17%,21.57MiB / 15.52GiB
1775193021,bench_sub_22,1.15%,21.66MiB / 15.52GiB
1775193021,bench_sub_21,1.17%,21.65MiB / 15.52GiB
1775193021,bench_sub_20,1.15%,21.66MiB / 15.52GiB
1775193021,bench_sub_19,1.21%,21.64MiB / 15.52GiB
1775193021,bench_sub_18,1.14%,21.71MiB / 15.52GiB
1775193021,bench_sub_17,1.16%,21.62MiB / 15.52GiB
1775193021,bench_sub_16,1.17%,21.64MiB / 15.52GiB
1775193021,bench_sub_15,1.18%,21.65MiB / 15.52GiB
1775193021,bench_sub_14,1.17%,21.66MiB / 15.52GiB
1775193021,bench_sub_13,1.18%,21.68MiB / 15.52GiB
1775193021,bench_sub_12,1.27%,21.61MiB / 15.52GiB
1775193021,bench_sub_11,1.23%,21.69MiB / 15.52GiB
1775193021,bench_sub_10,1.16%,21.94MiB / 15.52GiB
1775193021,bench_sub_9,1.18%,21.73MiB / 15.52GiB
1775193021,bench_sub_8,1.19%,21.69MiB / 15.52GiB
1775193021,bench_sub_7,1.15%,21.65MiB / 15.52GiB
1775193021,bench_sub_6,1.18%,21.66MiB / 15.52GiB
1775193021,bench_sub_5,1.16%,21.78MiB / 15.52GiB
1775193021,bench_sub_4,1.20%,21.6MiB / 15.52GiB
1775193021,bench_sub_3,1.16%,21.67MiB / 15.52GiB
1775193021,bench_sub_2,1.18%,21.67MiB / 15.52GiB
1775193021,bench_sub_1,1.17%,21.64MiB / 15.52GiB
1775193024,bench_sub_30,1.38%,21.62MiB / 15.52GiB
1775193024,bench_sub_29,1.38%,21.66MiB / 15.52GiB
1775193024,bench_sub_28,1.28%,21.6MiB / 15.52GiB
1775193024,bench_sub_27,1.26%,21.73MiB / 15.52GiB
1775193024,bench_sub_26,1.24%,21.61MiB / 15.52GiB
1775193024,bench_sub_25,1.20%,21.68MiB / 15.52GiB
1775193024,bench_sub_24,1.23%,21.66MiB / 15.52GiB
1775193024,bench_sub_23,1.21%,21.6MiB / 15.52GiB
1775193024,bench_sub_22,1.20%,21.7MiB / 15.52GiB
1775193024,bench_sub_21,1.20%,21.68MiB / 15.52GiB
1775193024,bench_sub_20,1.19%,21.7MiB / 15.52GiB
1775193024,bench_sub_19,1.22%,21.67MiB / 15.52GiB
1775193024,bench_sub_18,1.18%,21.74MiB / 15.52GiB
1775193024,bench_sub_17,1.27%,21.66MiB / 15.52GiB
1775193024,bench_sub_16,1.19%,21.67MiB / 15.52GiB
1775193024,bench_sub_15,1.20%,21.68MiB / 15.52GiB
1775193024,bench_sub_14,1.20%,21.69MiB / 15.52GiB
1775193024,bench_sub_13,1.21%,21.71MiB / 15.52GiB
1775193024,bench_sub_12,1.18%,21.64MiB / 15.52GiB
1775193024,bench_sub_11,1.21%,21.72MiB / 15.52GiB
1775193024,bench_sub_10,1.20%,21.98MiB / 15.52GiB
1775193024,bench_sub_9,1.20%,21.76MiB / 15.52GiB
1775193024,bench_sub_8,1.21%,21.72MiB / 15.52GiB
1775193024,bench_sub_7,1.19%,21.68MiB / 15.52GiB
1775193024,bench_sub_6,1.19%,21.7MiB / 15.52GiB
1775193024,bench_sub_5,1.18%,21.81MiB / 15.52GiB
1775193024,bench_sub_4,1.30%,21.63MiB / 15.52GiB
1775193024,bench_sub_3,1.26%,21.7MiB / 15.52GiB
1775193024,bench_sub_2,1.17%,21.7MiB / 15.52GiB
1775193024,bench_sub_1,1.17%,21.66MiB / 15.52GiB
1775193027,bench_sub_30,1.19%,21.65MiB / 15.52GiB
1775193027,bench_sub_29,1.19%,21.69MiB / 15.52GiB
1775193027,bench_sub_28,1.12%,21.63MiB / 15.52GiB
1775193027,bench_sub_27,1.09%,21.76MiB / 15.52GiB
1775193027,bench_sub_26,1.08%,21.64MiB / 15.52GiB
1775193027,bench_sub_25,1.09%,21.71MiB / 15.52GiB
1775193027,bench_sub_24,1.15%,21.7MiB / 15.52GiB
1775193027,bench_sub_23,1.14%,21.63MiB / 15.52GiB
1775193027,bench_sub_22,1.06%,21.73MiB / 15.52GiB
1775193027,bench_sub_21,1.05%,21.71MiB / 15.52GiB
1775193027,bench_sub_20,1.04%,21.73MiB / 15.52GiB
1775193027,bench_sub_19,1.09%,21.7MiB / 15.52GiB
1775193027,bench_sub_18,1.03%,21.77MiB / 15.52GiB
1775193027,bench_sub_17,1.04%,21.69MiB / 15.52GiB
1775193027,bench_sub_16,1.05%,21.7MiB / 15.52GiB
1775193027,bench_sub_15,1.04%,21.71MiB / 15.52GiB
1775193027,bench_sub_14,1.05%,21.72MiB / 15.52GiB
1775193027,bench_sub_13,1.06%,21.74MiB / 15.52GiB
1775193027,bench_sub_12,1.04%,21.68MiB / 15.52GiB
1775193027,bench_sub_11,1.05%,21.75MiB / 15.52GiB
1775193027,bench_sub_10,1.11%,22.01MiB / 15.52GiB
1775193027,bench_sub_9,1.04%,21.79MiB / 15.52GiB
1775193027,bench_sub_8,1.08%,21.75MiB / 15.52GiB
1775193027,bench_sub_7,1.02%,21.71MiB / 15.52GiB
1775193027,bench_sub_6,1.04%,21.73MiB / 15.52GiB
1775193027,bench_sub_5,1.03%,21.84MiB / 15.52GiB
1775193027,bench_sub_4,1.07%,21.66MiB / 15.52GiB
1775193027,bench_sub_3,1.03%,21.73MiB / 15.52GiB
1775193027,bench_sub_2,1.03%,21.73MiB / 15.52GiB
1775193027,bench_sub_1,1.04%,21.7MiB / 15.52GiB
1775193030,bench_sub_30,1.41%,21.69MiB / 15.52GiB
1775193030,bench_sub_29,1.38%,21.72MiB / 15.52GiB
1775193030,bench_sub_28,1.38%,21.67MiB / 15.52GiB
1775193030,bench_sub_27,1.31%,21.8MiB / 15.52GiB
1775193030,bench_sub_26,1.29%,21.68MiB / 15.52GiB
1775193030,bench_sub_25,1.30%,21.75MiB / 15.52GiB
1775193030,bench_sub_24,1.25%,21.73MiB / 15.52GiB
1775193030,bench_sub_23,1.23%,21.67MiB / 15.52GiB
1775193030,bench_sub_22,1.25%,21.77MiB / 15.52GiB
1775193030,bench_sub_21,1.28%,21.75MiB / 15.52GiB
1775193030,bench_sub_20,1.27%,21.77MiB / 15.52GiB
1775193030,bench_sub_19,1.22%,21.74MiB / 15.52GiB
1775193030,bench_sub_18,1.22%,21.81MiB / 15.52GiB
1775193030,bench_sub_17,1.20%,21.72MiB / 15.52GiB
1775193030,bench_sub_16,1.21%,21.74MiB / 15.52GiB
1775193030,bench_sub_15,1.32%,21.75MiB / 15.52GiB
1775193030,bench_sub_14,1.36%,21.76MiB / 15.52GiB
1775193030,bench_sub_13,1.33%,21.77MiB / 15.52GiB
1775193030,bench_sub_12,1.22%,21.71MiB / 15.52GiB
1775193030,bench_sub_11,1.21%,21.79MiB / 15.52GiB
1775193030,bench_sub_10,1.26%,22.04MiB / 15.52GiB
1775193030,bench_sub_9,1.21%,21.83MiB / 15.52GiB
1775193030,bench_sub_8,1.25%,21.79MiB / 15.52GiB
1775193030,bench_sub_7,1.24%,21.75MiB / 15.52GiB
1775193030,bench_sub_6,1.19%,21.76MiB / 15.52GiB
1775193030,bench_sub_5,1.20%,21.88MiB / 15.52GiB
1775193030,bench_sub_4,1.20%,21.7MiB / 15.52GiB
1775193030,bench_sub_3,1.18%,21.77MiB / 15.52GiB
1775193030,bench_sub_2,1.21%,21.77MiB / 15.52GiB
1775193030,bench_sub_1,1.27%,21.74MiB / 15.52GiB
1775193033,bench_sub_30,1.30%,21.72MiB / 15.52GiB
1775193033,bench_sub_29,1.26%,21.76MiB / 15.52GiB
1775193033,bench_sub_28,1.30%,21.7MiB / 15.52GiB
1775193033,bench_sub_27,1.18%,21.83MiB / 15.52GiB
1775193033,bench_sub_26,1.21%,21.71MiB / 15.52GiB
1775193033,bench_sub_25,1.19%,21.79MiB / 15.52GiB
1775193033,bench_sub_24,1.13%,21.77MiB / 15.52GiB
1775193033,bench_sub_23,1.11%,21.7MiB / 15.52GiB
1775193033,bench_sub_22,1.20%,21.8MiB / 15.52GiB
1775193033,bench_sub_21,1.27%,21.79MiB / 15.52GiB
1775193033,bench_sub_20,1.23%,21.8MiB / 15.52GiB
1775193033,bench_sub_19,1.13%,21.77MiB / 15.52GiB
1775193033,bench_sub_18,1.17%,21.84MiB / 15.52GiB
1775193033,bench_sub_17,1.17%,21.76MiB / 15.52GiB
1775193033,bench_sub_16,1.16%,21.77MiB / 15.52GiB
1775193033,bench_sub_15,1.15%,21.79MiB / 15.52GiB
1775193033,bench_sub_14,1.14%,21.79MiB / 15.52GiB
1775193033,bench_sub_13,1.12%,21.81MiB / 15.52GiB
1775193033,bench_sub_12,1.14%,21.75MiB / 15.52GiB
1775193033,bench_sub_11,1.15%,21.82MiB / 15.52GiB
1775193033,bench_sub_10,1.18%,22.08MiB / 15.52GiB
1775193033,bench_sub_9,1.12%,21.86MiB / 15.52GiB
1775193033,bench_sub_8,1.14%,21.82MiB / 15.52GiB
1775193033,bench_sub_7,1.15%,21.79MiB / 15.52GiB
1775193033,bench_sub_6,1.21%,21.8MiB / 15.52GiB
1775193033,bench_sub_5,1.14%,21.91MiB / 15.52GiB
1775193033,bench_sub_4,1.11%,21.73MiB / 15.52GiB
1775193033,bench_sub_3,1.08%,21.8MiB / 15.52GiB
1775193033,bench_sub_2,1.14%,21.8MiB / 15.52GiB
1775193033,bench_sub_1,1.00%,21.76MiB / 15.52GiB
1775193037,bench_sub_30,1.23%,21.75MiB / 15.52GiB
1775193037,bench_sub_29,1.21%,21.79MiB / 15.52GiB
1775193037,bench_sub_28,1.17%,21.74MiB / 15.52GiB
1775193037,bench_sub_27,1.18%,21.86MiB / 15.52GiB
1775193037,bench_sub_26,1.18%,21.74MiB / 15.52GiB
1775193037,bench_sub_25,1.25%,21.8MiB / 15.52GiB
1775193037,bench_sub_24,1.09%,21.8MiB / 15.52GiB
1775193037,bench_sub_23,1.09%,21.73MiB / 15.52GiB
1775193037,bench_sub_22,1.08%,21.83MiB / 15.52GiB
1775193037,bench_sub_21,1.06%,21.82MiB / 15.52GiB
1775193037,bench_sub_20,1.07%,21.83MiB / 15.52GiB
1775193037,bench_sub_19,1.10%,21.8MiB / 15.52GiB
1775193037,bench_sub_18,1.04%,21.87MiB / 15.52GiB
1775193037,bench_sub_17,1.02%,21.79MiB / 15.52GiB
1775193037,bench_sub_16,1.03%,21.81MiB / 15.52GiB
1775193037,bench_sub_15,1.05%,21.82MiB / 15.52GiB
1775193037,bench_sub_14,1.06%,21.83MiB / 15.52GiB
1775193037,bench_sub_13,1.04%,21.84MiB / 15.52GiB
1775193037,bench_sub_12,1.12%,21.78MiB / 15.52GiB
1775193037,bench_sub_11,1.15%,21.86MiB / 15.52GiB
1775193037,bench_sub_10,1.05%,22.11MiB / 15.52GiB
1775193037,bench_sub_9,1.05%,21.89MiB / 15.52GiB
1775193037,bench_sub_8,1.05%,21.85MiB / 15.52GiB
1775193037,bench_sub_7,1.03%,21.82MiB / 15.52GiB
1775193037,bench_sub_6,1.03%,21.83MiB / 15.52GiB
1775193037,bench_sub_5,1.04%,21.95MiB / 15.52GiB
1775193037,bench_sub_4,1.06%,21.77MiB / 15.52GiB
1775193037,bench_sub_3,1.03%,21.83MiB / 15.52GiB
1775193037,bench_sub_2,1.03%,21.83MiB / 15.52GiB
1775193037,bench_sub_1,1.04%,21.8MiB / 15.52GiB
1775193040,bench_sub_30,1.36%,21.78MiB / 15.52GiB
1775193040,bench_sub_29,1.29%,21.82MiB / 15.52GiB
1775193040,bench_sub_28,1.28%,21.77MiB / 15.52GiB
1775193040,bench_sub_27,1.19%,21.89MiB / 15.52GiB
1775193040,bench_sub_26,1.16%,21.77MiB / 15.52GiB
1775193040,bench_sub_25,1.16%,21.85MiB / 15.52GiB
1775193040,bench_sub_24,1.17%,21.83MiB / 15.52GiB
1775193040,bench_sub_23,1.15%,21.77MiB / 15.52GiB
1775193040,bench_sub_22,1.10%,21.86MiB / 15.52GiB
1775193040,bench_sub_21,1.13%,21.85MiB / 15.52GiB
1775193040,bench_sub_20,1.14%,21.86MiB / 15.52GiB
1775193040,bench_sub_19,1.13%,21.83MiB / 15.52GiB
1775193040,bench_sub_18,1.12%,21.91MiB / 15.52GiB
1775193040,bench_sub_17,1.20%,21.82MiB / 15.52GiB
1775193040,bench_sub_16,1.19%,21.84MiB / 15.52GiB
1775193040,bench_sub_15,1.11%,21.85MiB / 15.52GiB
1775193040,bench_sub_14,1.13%,21.86MiB / 15.52GiB
1775193040,bench_sub_13,1.11%,21.87MiB / 15.52GiB
1775193040,bench_sub_12,1.12%,21.81MiB / 15.52GiB
1775193040,bench_sub_11,1.13%,21.88MiB / 15.52GiB
1775193040,bench_sub_10,1.11%,22.14MiB / 15.52GiB
1775193040,bench_sub_9,1.10%,21.93MiB / 15.52GiB
1775193040,bench_sub_8,1.13%,21.88MiB / 15.52GiB
1775193040,bench_sub_7,1.10%,21.85MiB / 15.52GiB
1775193040,bench_sub_6,1.10%,21.86MiB / 15.52GiB
1775193040,bench_sub_5,1.10%,21.98MiB / 15.52GiB
1775193040,bench_sub_4,1.12%,21.79MiB / 15.52GiB
1775193040,bench_sub_3,1.18%,21.86MiB / 15.52GiB
1775193040,bench_sub_2,1.20%,21.86MiB / 15.52GiB
1775193040,bench_sub_1,1.09%,21.84MiB / 15.52GiB
1775193043,bench_sub_30,1.34%,21.82MiB / 15.52GiB
1775193043,bench_sub_29,1.32%,21.85MiB / 15.52GiB
1775193043,bench_sub_28,1.23%,21.8MiB / 15.52GiB
1775193043,bench_sub_27,1.23%,21.93MiB / 15.52GiB
1775193043,bench_sub_26,1.22%,21.81MiB / 15.52GiB
1775193043,bench_sub_25,1.19%,21.88MiB / 15.52GiB
1775193043,bench_sub_24,1.28%,21.86MiB / 15.52GiB
1775193043,bench_sub_23,1.29%,21.8MiB / 15.52GiB
1775193043,bench_sub_22,1.15%,21.89MiB / 15.52GiB
1775193043,bench_sub_21,1.15%,21.88MiB / 15.52GiB
1775193043,bench_sub_20,1.17%,21.89MiB / 15.52GiB
1775193043,bench_sub_19,1.15%,21.87MiB / 15.52GiB
1775193043,bench_sub_18,1.17%,21.94MiB / 15.52GiB
1775193043,bench_sub_17,1.13%,21.85MiB / 15.52GiB
1775193043,bench_sub_16,1.17%,21.87MiB / 15.52GiB
1775193043,bench_sub_15,1.17%,21.88MiB / 15.52GiB
1775193043,bench_sub_14,1.17%,21.89MiB / 15.52GiB
1775193043,bench_sub_13,1.17%,21.91MiB / 15.52GiB
1775193043,bench_sub_12,1.14%,21.84MiB / 15.52GiB
1775193043,bench_sub_11,1.18%,21.92MiB / 15.52GiB
1775193043,bench_sub_10,1.16%,22.17MiB / 15.52GiB
1775193043,bench_sub_9,1.13%,21.96MiB / 15.52GiB
1775193043,bench_sub_8,1.27%,21.91MiB / 15.52GiB
1775193043,bench_sub_7,1.13%,21.88MiB / 15.52GiB
1775193043,bench_sub_6,1.13%,21.89MiB / 15.52GiB
1775193043,bench_sub_5,1.11%,22.01MiB / 15.52GiB
1775193043,bench_sub_4,1.16%,21.83MiB / 15.52GiB
1775193043,bench_sub_3,1.12%,21.9MiB / 15.52GiB
1775193043,bench_sub_2,1.15%,21.9MiB / 15.52GiB
1775193043,bench_sub_1,1.14%,21.87MiB / 15.52GiB
1775193046,bench_sub_30,1.38%,21.85MiB / 15.52GiB
1775193046,bench_sub_29,1.31%,21.89MiB / 15.52GiB
1775193046,bench_sub_28,1.22%,21.83MiB / 15.52GiB
1775193046,bench_sub_27,1.18%,21.96MiB / 15.52GiB
1775193046,bench_sub_26,1.09%,21.84MiB / 15.52GiB
1775193046,bench_sub_25,1.12%,21.91MiB / 15.52GiB
1775193046,bench_sub_24,1.12%,21.89MiB / 15.52GiB
1775193046,bench_sub_23,1.08%,21.83MiB / 15.52GiB
1775193046,bench_sub_22,1.07%,21.93MiB / 15.52GiB
1775193046,bench_sub_21,1.08%,21.91MiB / 15.52GiB
1775193046,bench_sub_20,1.06%,21.93MiB / 15.52GiB
1775193046,bench_sub_19,1.08%,21.9MiB / 15.52GiB
1775193046,bench_sub_18,1.06%,21.97MiB / 15.52GiB
1775193046,bench_sub_17,1.05%,21.89MiB / 15.52GiB
1775193046,bench_sub_16,1.06%,21.91MiB / 15.52GiB
1775193046,bench_sub_15,1.05%,21.91MiB / 15.52GiB
1775193046,bench_sub_14,1.18%,21.93MiB / 15.52GiB
1775193046,bench_sub_13,1.14%,21.94MiB / 15.52GiB
1775193046,bench_sub_12,1.03%,21.88MiB / 15.52GiB
1775193046,bench_sub_11,1.07%,21.95MiB / 15.52GiB
1775193046,bench_sub_10,1.06%,22.21MiB / 15.52GiB
1775193046,bench_sub_9,1.05%,21.99MiB / 15.52GiB
1775193046,bench_sub_8,1.08%,21.95MiB / 15.52GiB
1775193046,bench_sub_7,1.04%,21.91MiB / 15.52GiB
1775193046,bench_sub_6,1.05%,21.93MiB / 15.52GiB
1775193046,bench_sub_5,1.03%,22.05MiB / 15.52GiB
1775193046,bench_sub_4,1.05%,21.86MiB / 15.52GiB
1775193046,bench_sub_3,1.03%,21.93MiB / 15.52GiB
1775193046,bench_sub_2,1.06%,21.93MiB / 15.52GiB
1775193046,bench_sub_1,1.18%,21.89MiB / 15.52GiB
1775193049,bench_sub_30,1.31%,21.88MiB / 15.52GiB
1775193049,bench_sub_29,1.23%,21.92MiB / 15.52GiB
1775193049,bench_sub_28,1.21%,21.87MiB / 15.52GiB
1775193049,bench_sub_27,1.14%,21.99MiB / 15.52GiB
1775193049,bench_sub_26,1.09%,21.88MiB / 15.52GiB
1775193049,bench_sub_25,1.09%,21.95MiB / 15.52GiB
1775193049,bench_sub_24,1.07%,21.93MiB / 15.52GiB
1775193049,bench_sub_23,1.05%,21.86MiB / 15.52GiB
1775193049,bench_sub_22,1.06%,21.96MiB / 15.52GiB
1775193049,bench_sub_21,1.04%,21.95MiB / 15.52GiB
1775193049,bench_sub_20,1.12%,21.96MiB / 15.52GiB
1775193049,bench_sub_19,1.12%,21.93MiB / 15.52GiB
1775193049,bench_sub_18,1.10%,22MiB / 15.52GiB
1775193049,bench_sub_17,1.03%,21.92MiB / 15.52GiB
1775193049,bench_sub_16,1.04%,21.94MiB / 15.52GiB
1775193049,bench_sub_15,1.05%,21.95MiB / 15.52GiB
1775193049,bench_sub_14,1.04%,21.96MiB / 15.52GiB
1775193049,bench_sub_13,1.05%,21.97MiB / 15.52GiB
1775193049,bench_sub_12,1.03%,21.91MiB / 15.52GiB
1775193049,bench_sub_11,1.04%,21.98MiB / 15.52GiB
1775193049,bench_sub_10,1.03%,22.24MiB / 15.52GiB
1775193049,bench_sub_9,1.04%,22.03MiB / 15.52GiB
1775193049,bench_sub_8,1.06%,21.98MiB / 15.52GiB
1775193049,bench_sub_7,1.01%,21.95MiB / 15.52GiB
1775193049,bench_sub_6,1.09%,21.96MiB / 15.52GiB
1775193049,bench_sub_5,1.09%,22.08MiB / 15.52GiB
1775193049,bench_sub_4,1.03%,21.89MiB / 15.52GiB
1775193049,bench_sub_3,1.01%,21.96MiB / 15.52GiB
1775193049,bench_sub_2,1.05%,21.96MiB / 15.52GiB
1775193049,bench_sub_1,1.11%,21.93MiB / 15.52GiB
